{ "overall": 5.0, "verified": true, "reviewTime": "09 1, 2016", "reviewerID": "A3CIUOJXQ5VDQ2", "asin": "B0000530HU", "style": { "Size:": " 7.0 oz", "Flavor:": " Classic Ice Blue" }, "reviewerName": "Shelly F", "reviewText": "As advertised. Reasonably priced", "summary": "Five Stars", "unixReviewTime": 1472688000 } { "overall": 5.0, "verified": true, "reviewTime": "11 14, 2013", "reviewerID": "A3H7T87S984REU", "asin": "B0000530HU", "style": { "Size:": " 7.0 oz", "Flavor:": " Classic Ice Blue" }, "reviewerName": "houserules18", "reviewText": "Like the oder and the feel when I put it on my face.  I have tried other brands but the reviews from people I know they prefer the oder of this brand. Not hard on the face when dry.  Does not leave dry skin.", "summary": "Good for the face", "unixReviewTime": 1384387200 } { "overall": 1.0, "verified": true, "reviewTime": "08 18, 2013", "reviewerID": "A3J034YH7UG4KT", "asin": "B0000530HU", "style": { "Size:": " 7.0 oz", "Flavor:": " Classic Ice Blue" }, "reviewerName": "Adam", "reviewText": "I bought this to smell nice after I shave.  When I put it on I smelled awful.  I am 19 and I smelled like a grandmother with too much perfume.", "summary": "Smells awful", "unixReviewTime": 1376784000 } { "overall": 5.0, "verified": false, "reviewTime": "05 16, 2010", "reviewerID": "A24HQ2N7332W7W", "asin": "B00006L9LC", "style": { "Size:": " 366" }, "reviewerName": "Kindle Customer Joyce Wilson", "reviewText": "If you know the scent of Diva, you'll LOVE this body cream....everyone says \"who smells so good in here!\"", "summary": "Diva is Heavenly", "unixReviewTime": 1273968000 } { "overall": 5.0, "verified": false, "reviewTime": "05 7, 2018", "reviewerID": "A2G90R2ZU6KU5D", "asin": "B00006L9LC", "style": { "Size:": " Small" }, "reviewerName": "Mike", "reviewText": "Got this shampoo as a solution for my wife's dandruff problem. It worked! She got rid of any dandruff signs after 3-4 uses. As long as she is happy, I am happy too!", "summary": "Outstanding, no complains", "unixReviewTime": 1525651200 } { "overall": 2.0, "verified": true, "reviewTime": "05 7, 2018", "reviewerID": "A24W4W9E62FZP2", "asin": "B00006L9LC", "style": { "Size:": " Small" }, "reviewerName": "Reb", "reviewText": "No change my scalp still itches like crazy. It doesnt lather at all so its very hard to move around the hair and scalp. It does smell good and my hair feels clean.", "summary": "No change my scalp still itches like crazy. It doesnt lather at all so its ...", "unixReviewTime": 1525651200 } { "overall": 1.0, "verified": true, "reviewTime": "05 6, 2018", "reviewerID": "A7ID5H7FWLJHC", "asin": "B00006L9LC", "style": { "Size:": " Small" }, "reviewerName": "U. V.", "reviewText": "Too expensive for such poor quality. There was no improvement and I am starting to think my scalp is worse off than it was before I started using this product. I do agree with other reviews that it feels watered down too much. Had to use more shampoo than all other shampoo's I have tried to get a good lather.", "summary": "Too expensive for such poor quality. There was no improvement and I am ...", "unixReviewTime": 1525564800 } { "overall": 1.0, "verified": true, "reviewTime": "05 6, 2018", "reviewerID": "AYKOSAJTP5AVS", "asin": "B00006L9LC", "style": { "Size:": " Small" }, "reviewerName": "Senthil Kumar M", "reviewText": "It dries my hair, doesnt help to reduce dandruff. I have to use very less shampoo nevertheless it dries.. don't know how this got higher ratings", "summary": "Dries my hair, doesnt help to reduce dandruff. ...", "unixReviewTime": 1525564800 } { "overall": 5.0, "verified": false, "reviewTime": "05 6, 2018", "reviewerID": "A3HIEBXDI9EQA6", "asin": "B00006L9LC", "style": { "Size:": " Small" }, "reviewerName": "john robbins", "reviewText": "Outstanding! Top organic shampoo!", "summary": "Five Stars", "unixReviewTime": 1525564800 } { "overall": 1.0, "verified": true, "reviewTime": "05 5, 2018", "reviewerID": "A2YDF506DAA5W4", "asin": "B00006L9LC", "style": { "Size:": " Small" }, "reviewerName": "justdancing", "reviewText": "So watered down, I didn't feel like it was actually shampoo. I tried twice then threw it away.", "summary": "I didn't feel like it was actually shampoo", "unixReviewTime": 1525478400 } { "overall": 5.0, "verified": false, "reviewTime": "05 5, 2018", "reviewerID": "AKFUG2XFPPWWM", "asin": "B00006L9LC", "style": { "Size:": " Small" }, "reviewerName": "Donovan", "reviewText": "10 stars right here. This product helped me with my itchy skin and my sister's greasy hair complain.", "summary": "Five Stars", "unixReviewTime": 1525478400 } { "overall": 5.0, "verified": false, "reviewTime": "05 5, 2018", "reviewerID": "A1T7DRMZ9A9KEA", "asin": "B00006L9LC", "style": { "Size:": " Small" }, "reviewerName": "Robert Roehlk", "reviewText": "First hair care product I've decided to purchase online. Worth it for sure. No more struggle with getting rid of my dandruff problem. I use it about once per 2-3 days and it is more than enough to keep my hair and head skin healthy.", "summary": "First hair care product I've decided to purchase online. ...", "unixReviewTime": 1525478400 } { "overall": 1.0, "verified": true, "reviewTime": "05 3, 2018", "reviewerID": "AEL1DK2OJ41ZZ", "asin": "B00006L9LC", "style": { "Size:": " Small" }, "reviewerName": "Amazon Customer", "reviewText": "Made dandruff worse and irritated rest of skin", "summary": "One Star", "unixReviewTime": 1525305600 } { "overall": 1.0, "verified": true, "reviewTime": "04 30, 2018", "reviewerID": "A2UM2UI2KVHG64", "asin": "B00006L9LC", "style": { "Size:": " Small" }, "reviewerName": "Lorie B.", "reviewText": "Worst shampoo Ive ever used.  Was mostly water.  I could not get a good lather.  Hair never felt clean after use.  I cannot understand why so many good reviews.  Will not buy again!", "summary": "Worst shampoo Ive ever used", "unixReviewTime": 1525046400 } { "overall": 1.0, "verified": true, "reviewTime": "04 28, 2018", "reviewerID": "ADUKTDKBY4CNP", "asin": "B00006L9LC", "style": { "Size:": " Small" }, "reviewerName": "Andelika", "reviewText": "Made my hair brittle and dull looking, didn't do anything for the itch or dandruff.", "summary": "Disappointment...", "unixReviewTime": 1524873600 } { "overall": 5.0, "verified": true, "reviewTime": "04 28, 2018", "reviewerID": "ADW00ZRLWD3KG", "asin": "B00006L9LC", "style": { "Size:": " Small" }, "reviewerName": "Walaa", "reviewText": "I received the shampoo because I was suffering from dandruff and I was like ok lets try it and I couldn't believe the result from only just one wash. it cleared out the dandruff without drying my hair out. My hair felt smooth and Fresh after just the first wash. I tried aveda spray before but it was useless and waste of money", "summary": "... because I was suffering from dandruff and I was like ok lets try it and I couldn't believe the ...", "unixReviewTime": 1524873600 } { "overall": 5.0, "verified": true, "reviewTime": "04 25, 2018", "reviewerID": "A1118RD3AJD5KH", "asin": "B00006L9LC", "style": { "Size:": " 511" }, "reviewerName": "DL", "reviewText": "works great", "summary": "Five Stars", "unixReviewTime": 1524614400 }